SMILES,pIC50,mol,num_atoms,logP,predicted_pIC50,predicted_logP
CN1CCN(c2cccc(Nc3nc4c(NCc5ccccc5F)cccn4n3)c2)CC1,6.74,<rdkit.Chem.rdchem.Mol object at 0x7f59a2941930>,32,3.975900000000002,6.8094821850126515,3.756925722699175
N#CC1CC(NCCC(F)(F)F)CCC1n1cc(C(N)=O)c(Nc2ccc(S(=O)(=O)C(F)(F)F)cc2)n1,7.09,<rdkit.Chem.rdchem.Mol object at 0x7f59a2947840>,37,3.794480000000002,6.45403807744305,4.005952530170831
Cc1cccc(Nc2sc(-c3cccc(F)c3F)cc2C(N)=O)n1,7.1,<rdkit.Chem.rdchem.Mol object at 0x7f59a2947990>,24,4.239220000000002,6.520992776771977,2.6392043100488034
C=CC(=O)Nc1cccc(CNc2nc(Nc3cnn(C)c3)ncc2Cl)c1,6.97,<rdkit.Chem.rdchem.Mol object at 0x7f59a2945690>,27,3.343700000000001,6.408927985286353,2.8777282111957425
CN1CCN(c2ccc(Nc3nc4c(Nc5cccc(S(C)(=O)=O)c5)cccn4n3)cc2)CC1,6.49,<rdkit.Chem.rdchem.Mol object at 0x7f59a293e880>,34,3.371800000000002,6.777268036261132,3.589284657198366
CC(NC1CCC(n2cc(C(N)=O)c(Nc3ccc(Cl)c(F)c3)n2)C(C#N)C1)C1CC1,7.01,<rdkit.Chem.rdchem.Mol object at 0x7f59a2945e70>,31,4.139580000000002,6.718195414101341,3.1332065946810648
NC1CCCCC1Nc1cc2nc[nH]c(=O)c2c(Nc2cccc(-n3nccn3)c2)n1,6.92,<rdkit.Chem.rdchem.Mol object at 0x7f59a29447b0>,31,2.3242000000000003,6.718195414101341,3.1332065946810648
CS(=O)(=O)N1CCC(Nc2c(C(N)=O)cnc3[nH]ccc23)CC1,6.72,<rdkit.Chem.rdchem.Mol object at 0x7f59a29415b0>,23,0.4977000000000005,6.409231753566496,2.313524372864757
Cc1ccc(NC(=O)c2cccc(C(F)(F)F)c2)cc1N1CCc2nc(Nc3ccc(S(=O)(=O)NC4CC4)cc3)ncc2C1,7.27,<rdkit.Chem.rdchem.Mol object at 0x7f59a294ae30>,44,5.803120000000004,6.163652857142857,4.943121094285718
Cc1ccc(-c2nc3cc(C(N)=O)ccc3n2CCN)cc1,5.58,<rdkit.Chem.rdchem.Mol object at 0x7f59a31def10>,22,2.0693200000000003,6.215740248700939,2.3153974812625266
Cc1ccc(NC(=O)c2cccc(C(F)(F)F)c2)cc1N1CCc2nc(Nc3ccc(CC(=O)N4CCN(C)CC4)cc3)ncc2C1=O,7.21,<rdkit.Chem.rdchem.Mol object at 0x7f59a2949930>,48,5.319120000000004,6.853910000000006,5.099047080000005
CC(=O)Nc1ccc(-c2nc(Nc3ccc(N4CCOCC4)cc3)ncc2F)cc1,5.19,<rdkit.Chem.rdchem.Mol object at 0x7f59a320ea40>,30,3.8213000000000026,6.714130239139373,3.2103147269049224
CN(C)C(=O)CN1CCc2ccc(Nc3nc4c(-c5cc(Cl)ccc5OCC(F)F)cccn4n3)cc2CC1,6.94,<rdkit.Chem.rdchem.Mol object at 0x7f59a2944c10>,39,4.926000000000003,6.562848132670848,4.635426014385055
CC1(C)CN(C2CCC(n3cc(C(N)=O)c(Nc4ccccc4)n3)C(C#N)C2)C1,7.4,<rdkit.Chem.rdchem.Mol object at 0x7f59a294e0a0>,29,3.3007800000000023,6.46675862735859,2.9800680599646205
FC(F)(F)c1cccc(-c2cccn3nc(Nc4ccc5c(c4)CCNCC5)nc23)c1,7.37,<rdkit.Chem.rdchem.Mol object at 0x7f59a294d150>,31,4.846900000000004,6.718195414101341,3.1332065946810648
COC(C)(C)CNC1CCC(n2cc(C(N)=O)c(Nc3ccc(Cl)cc3)n2)C(C#N)C1,7.32,<rdkit.Chem.rdchem.Mol object at 0x7f59a294c040>,31,3.626980000000001,6.718195414101341,3.1332065946810648
COc1ncccc1-c1cccn2nc(Nc3ccc(C4CCN(C(=O)OC(C)(C)C)CC4)cc3)nc12,6.17,<rdkit.Chem.rdchem.Mol object at 0x7f59a293aea0>,37,5.658000000000005,6.45403807744305,4.005952530170831
CC(C)(C)OC(=O)C1CCC(C#N)C(n2cc(C(N)=O)c(Nc3ccccc3)n2)C1,7.3,<rdkit.Chem.rdchem.Mol object at 0x7f59a294b8b0>,30,3.548280000000001,6.714130239139373,3.2103147269049224
[C-]#[N+]C1=CCCC(OCC2CC2)C1,7.13,<rdkit.Chem.rdchem.Mol object at 0x7f59a2948350>,13,2.768690000000001,5.960847853535363,1.894700706476856
CC(C)NC(=O)c1cnn2ccc(N3CC(O)CC3c3cccc(F)c3)nc12,6.26,<rdkit.Chem.rdchem.Mol object at 0x7f59a293c040>,28,2.3189,6.5689898881160165,3.2750036184625952
N#CC1CC(OC(=O)NC2CCCCC2)CCC1n1cc(C(N)=O)c(Nc2ccc(F)cc2)n1,6.79,<rdkit.Chem.rdchem.Mol object at 0x7f59a2942570>,34,4.156980000000003,6.777268036261132,3.589284657198366
O=C(CCCCCCCC(=O)N1CC=CCCOc2cccc(c2)-c2ccnc(n2)Nc2cccc(c2)C1)NO,5.83,<rdkit.Chem.rdchem.Mol object at 0x7f59a2938040>,40,5.790600000000004,6.53741857253857,5.582855823804339
CC(C)CNC1CCC(n2cc(C(N)=O)c(Nc3ccc(C(F)(F)F)cc3)n2)C(C#N)C1,6.38,<rdkit.Chem.rdchem.Mol object at 0x7f59a293d700>,32,4.223380000000002,6.8094821850126515,3.756925722699175
CN(c1[nH]cnc2nccc1-2)C1CC(NS(=O)(=O)C2CC(F)(F)C2)C1,6.75,<rdkit.Chem.rdchem.Mol object at 0x7f59a2941bd0>,25,1.5938,6.490664711370073,3.3097471871375217
Oc1ccc(C2Nc3ccccc3-c3ccnc4[nH]cc2c34)cc1,5.96,<rdkit.Chem.rdchem.Mol object at 0x7f59a2939000>,24,4.450400000000003,6.520992776771977,2.6392043100488034
O=c1[nH]cnc2cc(NC3CCCNC3)nc(Nc3cccc4cc[nH]c34)c12,6.02,<rdkit.Chem.rdchem.Mol object at 0x7f59a2939af0>,28,2.7069,6.5689898881160165,3.2750036184625952
O=c1[nH]c2cnc(-n3cnc4ccccc43)nc2n1C1CCOCC1,5.49,<rdkit.Chem.rdchem.Mol object at 0x7f59a320f530>,25,1.81,6.490664711370073,3.3097471871375217
CN1CCC(c2ccc(Nc3nc4c(NCc5ccccc5N(C)S(C)(=O)=O)cccn4n3)cc2)CC1,7.42,<rdkit.Chem.rdchem.Mol object at 0x7f59a294e650>,37,4.290000000000004,6.45403807744305,4.005952530170831
CN(c1[nH]cnc2nccc1-2)C1CCC(CS(=O)(=O)N2CCCC(O)(COc3cccc(F)c3)C2)CC1,7.33,<rdkit.Chem.rdchem.Mol object at 0x7f59a294c190>,37,3.279300000000001,6.45403807744305,4.005952530170831
CN(c1[nH]cnc2nccc1-2)C1CCC(CS(=O)(=O)N2CCC(C)(O)CC2)CC1,7.38,<rdkit.Chem.rdchem.Mol object at 0x7f59a294d540>,29,2.0810999999999997,6.46675862735859,2.9800680599646205
CC(C)(C)OC(=O)C1CCC(n2cc(C(N)=O)c(Nc3ccc(F)cc3)n2)C(C#N)C1,6.33,<rdkit.Chem.rdchem.Mol object at 0x7f59a293cc10>,31,3.687380000000002,6.718195414101341,3.1332065946810648
CN1CCN(c2cccc(Nc3nc4c(-c5ccccc5S(C)(=O)=O)cccn4n3)c2)CC1,5.6,<rdkit.Chem.rdchem.Mol object at 0x7f59a31df060>,33,3.295200000000002,6.543927490198173,3.6907017720889534
CCOC(=O)c1c[nH]c2ncnc(-c3ccc(-n4cccn4)cc3)c12,6.92,<rdkit.Chem.rdchem.Mol object at 0x7f59a2944580>,25,2.987300000000001,6.490664711370073,3.3097471871375217
N#CC1CN(C(=O)C(NC(=O)c2c[nH]c3ncc(C4CC4)nc23)C2CC2)C1,6.69,<rdkit.Chem.rdchem.Mol object at 0x7f59a2940f90>,27,1.3256799999999993,6.408927985286353,2.8777282111957425
CC(Nc1cccn2nc(Nc3ccc(N4CCN(C)CC4)cc3)nc12)c1ccccc1N(C)S(C)(=O)=O,6.38,<rdkit.Chem.rdchem.Mol object at 0x7f59a293d690>,38,3.793600000000003,6.802448270812896,4.282908193901362
CN1CCC(c2cccc(Nc3nc4c(-c5ccccc5N(C)S(C)(=O)=O)cccn4n3)c2)CC1,5.92,<rdkit.Chem.rdchem.Mol object at 0x7f59a2938ac0>,35,4.344900000000003,6.565259498966696,3.7339714194295577
COC1CCN(c2nccc(Nc3cc4nc(-c5cn[nH]c5)cc-4c[nH]3)n2)CC1,7.02,<rdkit.Chem.rdchem.Mol object at 0x7f59a2946260>,29,3.053400000000001,6.46675862735859,2.9800680599646205
CS(=O)(=O)N1CCC(n2c(=O)[nH]c3cnc4[nH]ccc4c32)CC1,6.85,<rdkit.Chem.rdchem.Mol object at 0x7f59a29434c0>,23,0.8024000000000003,6.409231753566496,2.313524372864757
CCOC(=O)c1c[nH]c2ncnc(-c3ccc(-c4ccccc4)cc3)c12,7.33,<rdkit.Chem.rdchem.Mol object at 0x7f59a294c120>,26,4.468600000000003,6.22747400222193,3.0384421238001296
COc1cccc(NC(=O)c2cnc(N3CCN(c4ccccc4OC)CC3)c([N+](=O)[O-])c2)c1,5.02,<rdkit.Chem.rdchem.Mol object at 0x7f59a320e2d0>,34,3.5859000000000023,6.777268036261132,3.589284657198366
CN(C)C(=O)CN1CCc2ccc(Nc3nc4c(-c5cc(F)ccc5OCC(F)F)cccn4n3)cc2CC1,6.28,<rdkit.Chem.rdchem.Mol object at 0x7f59a293c430>,39,4.411700000000002,6.562848132670848,4.635426014385055
O=C1NC(=O)C(c2cn(CCCn3ccnc3)c3ccccc23)=C1Nc1ccccc1,5.42,<rdkit.Chem.rdchem.Mol object at 0x7f59a320f300>,31,3.407700000000001,6.718195414101341,3.1332065946810648
CC1CC(C)N1C1CCC(n2cc(C(N)=O)c(Nc3ccc(C(F)(F)F)cc3)n2)C(C#N)C1,6.24,<rdkit.Chem.rdchem.Mol object at 0x7f59a293bca0>,33,4.460480000000003,6.543927490198173,3.6907017720889534
N#CC1CC(N2CCC2)CCC1n1cc(C(N)=O)c(Nc2ccc(OC(F)(F)F)cc2)n1,7.4,<rdkit.Chem.rdchem.Mol object at 0x7f59a294e110>,32,3.5632800000000016,6.8094821850126515,3.756925722699175
O=C1Nc2ccc(-c3cccnc3)cc2C1=Cc1ccc[nH]1,6.22,<rdkit.Chem.rdchem.Mol object at 0x7f59a293b6f0>,22,3.5694000000000017,6.215740248700939,2.3153974812625266
COc1ccc2nc(NC(C)c3ncc(F)cn3)nc(Nc3cn(C)cn3)c2c1,6.17,<rdkit.Chem.rdchem.Mol object at 0x7f59a293ad50>,29,3.2177000000000016,6.46675862735859,2.9800680599646205
CCC(C)NC(=O)c1c[nH]c2ncc(C3CC3)nc12,7.35,<rdkit.Chem.rdchem.Mol object at 0x7f59a294cb30>,19,2.3636,6.167285566378067,1.3237209439227442
NS(=O)(=O)c1cccc(Nc2ccnc(Nc3ccc(N4CCOCC4)cc3)n2)c1,6.89,<rdkit.Chem.rdchem.Mol object at 0x7f59a2943c30>,30,2.4478,6.714130239139373,3.2103147269049224
CC1(N)CCC(Nc2c(C(N)=O)cnn3cccc23)C1(C)C,6.55,<rdkit.Chem.rdchem.Mol object at 0x7f59a293f4c0>,22,1.7511000000000003,6.215740248700939,2.3153974812625266
N#CC1CC(C(=O)NC(C2CC2)C(F)(F)F)CCC1n1cc(C(N)=O)c(Nc2ccc(Cl)cc2)n1,7.24,<rdkit.Chem.rdchem.Mol object at 0x7f59a294a490>,35,4.3170800000000025,6.565259498966696,3.7339714194295577
N#CC1CC(NC(C2CC2)C(F)(F)F)CCC1n1cc(C(N)=O)c(Nc2ccc(C(F)(F)F)cc2)n1,6.82,<rdkit.Chem.rdchem.Mol object at 0x7f59a2942ea0>,36,4.908280000000003,6.5167904144568585,4.096294022711462
CC(Nc1nc2nncc-2c(Nc2cn(C)cn2)[nH]1)c1ncc(F)cn1,7.3,<rdkit.Chem.rdchem.Mol object at 0x7f59a294b6f0>,26,1.8838,6.22747400222193,3.0384421238001296
C=CC(=O)Nc1cccc(-c2ncnc3[nH]cc(C(=O)OCC)c23)c1,6.1,<rdkit.Chem.rdchem.Mol object at 0x7f59a293a650>,25,2.926100000000001,6.490664711370073,3.3097471871375217
N#Cc1ccc(Nc2sc(-c3ccccc3)cc2C(N)=O)nc1,6.84,<rdkit.Chem.rdchem.Mol object at 0x7f59a2943220>,23,3.5242800000000027,6.409231753566496,2.313524372864757
COc1ccc(F)c(-c2nc3[nH]cc(Cl)c(NCC4CCNCC4)c-3n2)c1,4.88,<rdkit.Chem.rdchem.Mol object at 0x7f59a320d310>,27,3.789100000000002,6.408927985286353,2.8777282111957425
O=C1Nc2ccc3c(oc4ccccc43)c2C1=NNc1ccncc1,4.96,<rdkit.Chem.rdchem.Mol object at 0x7f59a320d620>,25,3.7493000000000007,6.490664711370073,3.3097471871375217
N#CC1CCCCC1n1cc(C(N)=O)c(Nc2ccnc(C(F)(F)F)c2)n1,6.91,<rdkit.Chem.rdchem.Mol object at 0x7f59a29443c0>,27,3.394280000000001,6.408927985286353,2.8777282111957425
NCCCn1c(-c2ccccc2)nc2cc(C(N)=O)ccc21,4.69,<rdkit.Chem.rdchem.Mol object at 0x7f59a320cd60>,22,2.151,6.215740248700939,2.3153974812625266
COc1cccc(CNc2cccn3nc(Nc4ccc(C)nc4)nc23)c1,5.99,<rdkit.Chem.rdchem.Mol object at 0x7f59a29394d0>,27,3.7970200000000016,6.408927985286353,2.8777282111957425
CC(NC1CCC(n2cc(C(N)=O)c(Nc3ccc(S(=O)(=O)C(F)(F)F)cc3)n2)C(C#N)C1)C1CC1,7.21,<rdkit.Chem.rdchem.Mol object at 0x7f59a2949d20>,36,3.6405800000000026,6.5167904144568585,4.096294022711462
NC(=O)c1cc(-c2ccnc(N)n2)[nH]c1-c1cccc(Cl)c1,6.21,<rdkit.Chem.rdchem.Mol object at 0x7f59a293b5a0>,22,2.4732000000000003,6.215740248700939,2.3153974812625266
COc1ccc(CNc2cccn3nc(Nc4cccc(N5CCN(C)CC5)c4)nc23)cc1,5.0,<rdkit.Chem.rdchem.Mol object at 0x7f59a320e0a0>,33,3.8454000000000015,6.543927490198173,3.6907017720889534
COCC(C)(C)NC1CCC(n2cc(C(N)=O)c(Nc3ccccc3)n2)C(C#N)C1,6.77,<rdkit.Chem.rdchem.Mol object at 0x7f59a2942260>,30,2.97358,6.714130239139373,3.2103147269049224
OCc1ccc(C2Nc3ccccc3-c3ccnc4[nH]cc2c34)cc1,5.96,<rdkit.Chem.rdchem.Mol object at 0x7f59a2938f90>,25,4.2371000000000025,6.490664711370073,3.3097471871375217
CC1(C)C(O)CCC1Nc1c(C(N)=O)cnn2cccc12,6.89,<rdkit.Chem.rdchem.Mol object at 0x7f59a2943d80>,21,1.3945999999999994,6.318370697965677,2.2557034740938287
Cc1cccc(Nc2sc(-c3ccccc3Cl)cc2C(N)=O)n1,7.03,<rdkit.Chem.rdchem.Mol object at 0x7f59a2946490>,23,4.614420000000003,6.409231753566496,2.313524372864757
CC(NC1CCC(n2cc(C(N)=O)c(Nc3ccc(C(F)(F)F)cc3)n2)C(C#N)C1)C1CC1,6.98,<rdkit.Chem.rdchem.Mol object at 0x7f59a2945770>,33,4.365880000000002,6.543927490198173,3.6907017720889534
N#CC1CC(N2CCC2)CCC1n1cc(C(N)=O)c(Nc2ccc(C(F)(F)F)cc2)n1,7.29,<rdkit.Chem.rdchem.Mol object at 0x7f59a294b140>,31,3.683480000000001,6.718195414101341,3.1332065946810648
Fc1cccc(C2CCCN2c2ccc3ncc(-c4ccccn4)n3n2)c1,5.17,<rdkit.Chem.rdchem.Mol object at 0x7f59a320e7a0>,27,4.271900000000003,6.408927985286353,2.8777282111957425
CCOC(=O)c1c[nH]c2ncnc(-c3ccccc3F)c12,6.78,<rdkit.Chem.rdchem.Mol object at 0x7f59a29422d0>,21,2.9407000000000005,6.318370697965677,2.2557034740938287
Cc1ccc(Cl)cc1-c1[nH]c(-c2ccnc(N)n2)cc1C(=O)N(C)C,5.51,<rdkit.Chem.rdchem.Mol object at 0x7f59a320f7d0>,25,3.384520000000002,6.490664711370073,3.3097471871375217
CCOc1ccccc1-c1cccn2nc(Nc3ccc4c(c3)CCN(CC(=O)N(C)C)CC4)nc12,6.67,<rdkit.Chem.rdchem.Mol object at 0x7f59a2940cf0>,36,4.027400000000003,6.5167904144568585,4.096294022711462
CCOC(=O)c1c[nH]c2ncnc(-c3ccc(OC)cc3)c12,6.87,<rdkit.Chem.rdchem.Mol object at 0x7f59a2943760>,22,2.810200000000001,6.215740248700939,2.3153974812625266
N#CC1CCC(O)CC1n1cc(C(N)=O)c(Nc2ccccc2)n1,7.1,<rdkit.Chem.rdchem.Mol object at 0x7f59a2947a00>,24,1.95128,6.520992776771977,2.6392043100488034
Cn1cc(F)cc(C2CCCN2c2ccn3ncc(C(=O)NC4(C)CC4)c3n2)c1=O,6.21,<rdkit.Chem.rdchem.Mol object at 0x7f59a293b3e0>,30,2.1909,6.714130239139373,3.2103147269049224
CC(=O)N1CCC(Nc2c(C(N)=O)cnc3[nH]ccc23)CC1,6.19,<rdkit.Chem.rdchem.Mol object at 0x7f59a293b290>,22,1.0846,6.215740248700939,2.3153974812625266
CN(C)C1CCC(n2cc(C(N)=O)c(Nc3ccnc(F)c3)n2)C(C#N)C1,6.96,<rdkit.Chem.rdchem.Mol object at 0x7f59a2945310>,27,2.0546799999999994,6.408927985286353,2.8777282111957425
CNC(=O)c1cccc(-c2cccn3nc(Nc4ccccc4OC)nc23)c1,5.0,<rdkit.Chem.rdchem.Mol object at 0x7f59a320da10>,28,3.5081000000000016,6.5689898881160165,3.2750036184625952
COc1ccc(-c2cccc3nc(NC(=O)C4CC4)nn23)cc1,6.86,<rdkit.Chem.rdchem.Mol object at 0x7f59a29436f0>,23,2.7534,6.409231753566496,2.313524372864757
c1cncc(CNc2cccn3nc(Nc4ccc(OCCN5CCCC5)cc4)nc23)c1,6.24,<rdkit.Chem.rdchem.Mol object at 0x7f59a293ba70>,32,3.954600000000003,6.8094821850126515,3.756925722699175
CCOC(=O)c1c[nH]c2ncnc(-c3ccc4n[nH]cc4c3)c12,7.01,<rdkit.Chem.rdchem.Mol object at 0x7f59a2945ee0>,23,2.6779,6.409231753566496,2.313524372864757
CC1CC(C)CN(c2ccc(Nc3ncc(C(F)(F)F)c(-c4cc5ccc(C#N)cc5o4)n3)cc2)C1,5.15,<rdkit.Chem.rdchem.Mol object at 0x7f59a320e5e0>,36,7.006180000000006,6.5167904144568585,4.096294022711462
Cc1ccccc1-c1[nH]c(-c2ccnc(N)n2)cc1C(N)=O,6.16,<rdkit.Chem.rdchem.Mol object at 0x7f59a293ac70>,22,2.12822,6.215740248700939,2.3153974812625266
O=c1[nH]c2cnc(-n3cnc4ccccc43)nc2n1C1CCOc2c(F)cccc21,5.16,<rdkit.Chem.rdchem.Mol object at 0x7f59a320e650>,30,2.969500000000002,6.714130239139373,3.2103147269049224
Nc1[nH]nc2c(-c3ccccn3)cn(-c3ccccc3Cl)c(=O)c12,6.26,<rdkit.Chem.rdchem.Mol object at 0x7f59a293bf40>,24,3.011400000000001,6.520992776771977,2.6392043100488034
COc1ccc(-c2cccn3nc(Nc4ccc(C5CCN(C(=O)OC(C)(C)C)CC5)cc4)nc23)c(F)c1,6.79,<rdkit.Chem.rdchem.Mol object at 0x7f59a2942500>,38,6.402100000000005,6.802448270812896,4.282908193901362
[C-]#[N+]C1CCCCC1n1cc(C(N)=O)c(Nc2ccccc2)n1,7.44,<rdkit.Chem.rdchem.Mol object at 0x7f59a294eb90>,23,3.128590000000001,6.409231753566496,2.313524372864757
CC(NC1CCC(n2cc(C(N)=O)c(Nc3ccc(Cl)cc3)n2)C(C#N)C1)C1CC1,7.07,<rdkit.Chem.rdchem.Mol object at 0x7f59a2946e30>,30,4.000480000000002,6.714130239139373,3.2103147269049224
CN(c1[nH]cnc2nccc1-2)C1CCC(CS(=O)(=O)N2CCCC(C#N)C2)CC1,7.12,<rdkit.Chem.rdchem.Mol object at 0x7f59a2947f40>,29,2.46988,6.46675862735859,2.9800680599646205
COc1cccc(-c2cccn3nc(Nc4ccc(C5CCN(C(=O)OC(C)(C)C)CC5)cc4)nc23)c1F,6.28,<rdkit.Chem.rdchem.Mol object at 0x7f59a293c3c0>,38,6.402100000000005,6.802448270812896,4.282908193901362
COc1cc(N2CCN(CC(C)O)CC2)ccc1Nc1ncc2ccc(-c3ccccc3N(C)S(C)(=O)=O)n2n1,6.42,<rdkit.Chem.rdchem.Mol object at 0x7f59a293dbd0>,40,3.0471000000000004,6.53741857253857,5.582855823804339
CC(C)(O)C1CC(CNC2CCC(n3cc(C(N)=O)c(Nc4ccc(C(F)(F)F)cc4)n3)C(C#N)C2)C1,6.58,<rdkit.Chem.rdchem.Mol object at 0x7f59a293fa00>,37,4.364480000000003,6.45403807744305,4.005952530170831
[C-]#[N+]C1CC(OC(C)=O)C(O)CC1n1cc(C(N)=O)c(Nc2ccc(C(F)(F)F)cc2)n1,6.74,<rdkit.Chem.rdchem.Mol object at 0x7f59a29419a0>,32,2.659790000000001,6.8094821850126515,3.756925722699175
Cc1ccc(Cl)cc1-c1nc(-c2ccnc(N)n2)c[nH]1,5.97,<rdkit.Chem.rdchem.Mol object at 0x7f59a2939380>,20,3.07772,6.722485370679991,2.3532730929995758
CN1CCN(c2cc(Oc3c(F)cccc3F)nc(-n3cnc4ccncc43)n2)CC1,7.17,<rdkit.Chem.rdchem.Mol object at 0x7f59a2948eb0>,31,3.032800000000001,6.718195414101341,3.1332065946810648
NC1COCCC1Nc1cc2nc[nH]c(=O)c2c(Nc2cccc3cc[nH]c23)n1,6.54,<rdkit.Chem.rdchem.Mol object at 0x7f59a293f370>,29,2.0710999999999986,6.46675862735859,2.9800680599646205
CC1CCCN(S(=O)(=O)CC2CCC(N(C)c3[nH]cnc4nccc3-4)CC2)C1,7.14,<rdkit.Chem.rdchem.Mol object at 0x7f59a29484a0>,28,2.9662000000000006,6.5689898881160165,3.2750036184625952
NCCn1c(-c2ccc(C(F)(F)F)cc2)nc2cc(C(N)=O)ccc21,5.32,<rdkit.Chem.rdchem.Mol object at 0x7f59a320ef80>,25,2.7797,6.490664711370073,3.3097471871375217
c1ccc2c(c1)CCCC2Nc1ccnc(-n2cnc3ccncc32)n1,5.14,<rdkit.Chem.rdchem.Mol object at 0x7f59a320e490>,26,3.700000000000001,6.22747400222193,3.0384421238001296
Cn1cc(-c2cc(Nc3nn(C4CCCCC4C#N)cc3C(N)=O)ccn2)cn1,7.22,<rdkit.Chem.rdchem.Mol object at 0x7f59a2949fc0>,29,2.775980000000001,6.46675862735859,2.9800680599646205
Cc1ccc(CC2CCN(S(=O)(=O)CC3CCC(N(C)c4[nH]cnc5nccc4-5)CC3)CC2)nn1,7.07,<rdkit.Chem.rdchem.Mol object at 0x7f59a2946f10>,35,3.287420000000002,6.565259498966696,3.7339714194295577
CN1CCN(c2cccc(Nc3nc4c(Nc5ccccc5CN(C)S(C)(=O)=O)cccn4n3)c2)CC1,6.34,<rdkit.Chem.rdchem.Mol object at 0x7f59a293ce40>,37,3.359700000000002,6.45403807744305,4.005952530170831
CC1CCCN1S(=O)(=O)CC1CCC(N(C)c2[nH]cnc3nccc2-3)CC1,7.37,<rdkit.Chem.rdchem.Mol object at 0x7f59a294d070>,27,2.7186000000000003,6.408927985286353,2.8777282111957425
O=C(CCCCCCCC(=O)N1CC=CCOCc2cccc(c2)-c2ccnc(n2)Nc2cccc(c2)C1)NO,6.08,<rdkit.Chem.rdchem.Mol object at 0x7f59a293a420>,40,5.538300000000004,6.53741857253857,5.582855823804339
CN1CCC(c2ccc(Nc3nc4c(NCc5ccccc5CN(C)S(C)(=O)=O)cccn4n3)cc2)CC1,6.94,<rdkit.Chem.rdchem.Mol object at 0x7f59a2944ba0>,38,4.285600000000003,6.802448270812896,4.282908193901362
COc1ccc(Nc2nc3ncnc-3c(N3CCOCC3)[nH]2)cc1OC,6.96,<rdkit.Chem.rdchem.Mol object at 0x7f59a2944f90>,26,1.9018999999999997,6.22747400222193,3.0384421238001296
CCOc1ccc(C(F)(F)F)cc1-c1cccn2nc(Nc3ccc4c(c3)CCN(CCS(C)(=O)=O)CC4)nc12,6.8,<rdkit.Chem.rdchem.Mol object at 0x7f59a29427a0>,40,5.0026000000000055,6.53741857253857,5.582855823804339
CN(c1[nH]cnc2nccc1-2)C1CCC(CS(=O)(=O)N2CCCC2CN2CCCC2)CC1,7.39,<rdkit.Chem.rdchem.Mol object at 0x7f59a294da80>,32,2.7945,6.8094821850126515,3.756925722699175
N#Cc1ccc2ncn(-c3ncc4[nH]c(=O)n(Cc5c(Cl)cccc5Cl)c4n3)c2c1,5.81,<rdkit.Chem.rdchem.Mol object at 0x7f59a31dfd10>,30,3.6852800000000014,6.714130239139373,3.2103147269049224
Cc1ccc(Cl)cc1-c1[nH]c(-c2ccnc(N)n2)cc1C(=O)NC1CCN(C)CC1,7.34,<rdkit.Chem.rdchem.Mol object at 0x7f59a294c820>,30,3.5067200000000023,6.714130239139373,3.2103147269049224
N#CC1CC(N2CCC2)CCC1n1cc(C(N)=O)c(Nc2ccc(C(F)(F)F)nc2)n1,6.75,<rdkit.Chem.rdchem.Mol object at 0x7f59a2941c40>,31,3.0784800000000008,6.718195414101341,3.1332065946810648
COc1ccc(Nc2nc3c(N4CCN(S(C)(=O)=O)CC4)cccn3n2)cc1,7.22,<rdkit.Chem.rdchem.Mol object at 0x7f59a2949e70>,28,1.5630999999999993,6.5689898881160165,3.2750036184625952
COc1ccccc1-c1cccn2nc(Nc3ccc(N4CCN(C)CC4)cc3)nc12,7.42,<rdkit.Chem.rdchem.Mol object at 0x7f59a294e5e0>,31,3.9003000000000014,6.718195414101341,3.1332065946810648
CC1(N)CCC(Nc2c(C(N)=O)cnn3cccc23)C1(C)C,7.21,<rdkit.Chem.rdchem.Mol object at 0x7f59a2949b60>,22,1.7511000000000003,6.215740248700939,2.3153974812625266
CN(C)c1cccc(Nc2nc(N)n(C(=O)c3c(F)cccc3F)n2)c1,5.3,<rdkit.Chem.rdchem.Mol object at 0x7f59a320eea0>,26,2.6366000000000005,6.22747400222193,3.0384421238001296
CC(C)(C)NC(=O)c1cncc(Nc2nn(C3CCCCC3C#N)cc2C(N)=O)c1,6.54,<rdkit.Chem.rdchem.Mol object at 0x7f59a293f1b0>,30,2.90378,6.714130239139373,3.2103147269049224
COc1cccc(CNc2cccn3nc(Nc4ccc(N5CCN(C)CC5)cc4)nc23)c1,5.87,<rdkit.Chem.rdchem.Mol object at 0x7f59a29384a0>,33,3.8454000000000015,6.543927490198173,3.6907017720889534
CC1(C)CN(C2CCC(n3cc(C(N)=O)c(Nc4ccc(C(F)(F)F)cc4)n3)C(C#N)C2)C1,7.41,<rdkit.Chem.rdchem.Mol object at 0x7f59a294e2d0>,33,4.319580000000003,6.543927490198173,3.6907017720889534
COc1ccc(-c2cccc3nc(Nc4ccnc(C)c4)nn23)cc1,6.76,<rdkit.Chem.rdchem.Mol object at 0x7f59a2941ee0>,25,3.8519200000000016,6.490664711370073,3.3097471871375217
O=C(CCCCCCN1CC=CCOCc2cccc(c2)-c2ccnc(n2)Nc2cccc(c2)C1)NO,6.21,<rdkit.Chem.rdchem.Mol object at 0x7f59a293b4c0>,37,5.231500000000004,6.45403807744305,4.005952530170831
N#Cc1cncc(Nc2nn(C3CCCCC3C#N)cc2C(N)=O)c1,7.31,<rdkit.Chem.rdchem.Mol object at 0x7f59a294bca0>,25,2.24716,6.490664711370073,3.3097471871375217
N#CC1CC(C(=O)NC(C2CC2)C(F)(F)F)CCC1n1cc(C(N)=O)c(Nc2ccc(Cl)cc2)n1,6.51,<rdkit.Chem.rdchem.Mol object at 0x7f59a293eea0>,35,4.3170800000000025,6.565259498966696,3.7339714194295577
NC(=O)CN1CCC(c2ccc(Nc3ncc4ccc(-c5ncccn5)n4n3)cc2)CC1,7.07,<rdkit.Chem.rdchem.Mol object at 0x7f59a2946dc0>,32,2.5946000000000007,6.8094821850126515,3.756925722699175
CC(Nc1nc(Nc2cn(C)cn2)c2nccnc2n1)c1ncc(F)cn1,6.1,<rdkit.Chem.rdchem.Mol object at 0x7f59a293a5e0>,27,1.9991,6.408927985286353,2.8777282111957425
CN1CCN(c2ccc(Nc3nc4c(-c5ccc(S(C)(=O)=O)cc5)cc(C(F)(F)F)cn4n3)cn2)CC1,6.03,<rdkit.Chem.rdchem.Mol object at 0x7f59a2939bd0>,37,3.7090000000000014,6.45403807744305,4.005952530170831
COC1CCN(c2nccc(Nc3cc4c(cn3)cc(-c3cn[nH]c3)n4C(C)C)n2)CC1,6.81,<rdkit.Chem.rdchem.Mol object at 0x7f59a29429d0>,32,4.156100000000003,6.8094821850126515,3.756925722699175
NC(=O)c1cc(N2CCOCC2)[nH]c2c3ccc(C(=O)N4CCOCC4)cc3nc1-2,6.85,<rdkit.Chem.rdchem.Mol object at 0x7f59a2943450>,30,1.0756000000000006,6.714130239139373,3.2103147269049224
CN(C)C(=O)CN1CCC(c2ccc(Nc3nc4c(-c5ccc[nH]c5=O)cccn4n3)cc2)CC1,6.57,<rdkit.Chem.rdchem.Mol object at 0x7f59a293f760>,35,3.095800000000001,6.565259498966696,3.7339714194295577
CC(Nc1ccnc(-n2cnc3ccncc32)n1)c1ccc(Cl)cc1,7.29,<rdkit.Chem.rdchem.Mol object at 0x7f59a294b1b0>,25,4.037000000000003,6.490664711370073,3.3097471871375217
NC(=O)c1cc(-c2ccccc2)sc1Nc1ccccn1,7.19,<rdkit.Chem.rdchem.Mol object at 0x7f59a2949460>,21,3.6526000000000014,6.318370697965677,2.2557034740938287
NC(=O)c1cc(-c2ccc(CN3CCOCC3)c(Cl)c2)cc2c1[nH]c1cc(-c3cccnc3)ccc12,6.88,<rdkit.Chem.rdchem.Mol object at 0x7f59a2943b50>,36,5.634600000000004,6.5167904144568585,4.096294022711462
CN(c1[nH]cnc2nccc1-2)C1CCC(CS(=O)(=O)N2CCCC(C(F)(F)F)C2)CC1,7.26,<rdkit.Chem.rdchem.Mol object at 0x7f59a294a9d0>,31,3.508600000000002,6.718195414101341,3.1332065946810648
O=C(NC1CCC(O)C1)c1cnn2ccc(N3CCCC3c3cc(F)ccc3F)nc12,6.12,<rdkit.Chem.rdchem.Mol object at 0x7f59a293a810>,31,2.9922000000000013,6.718195414101341,3.1332065946810648
COc1cc(Cl)ccc1-c1cccn2nc(Nc3ccc(C4CCN(CC(=O)N(C)C)CC4)cc3)nc12,7.43,<rdkit.Chem.rdchem.Mol object at 0x7f59a294ea40>,37,5.069500000000005,6.45403807744305,4.005952530170831
Cc1cccc(Nc2sc(-c3ccc(F)cc3F)cc2C(N)=O)n1,6.75,<rdkit.Chem.rdchem.Mol object at 0x7f59a2941cb0>,24,4.239220000000002,6.520992776771977,2.6392043100488034
COc1cccc(CNc2cccn3nc(Nc4ccc(OC)nc4)nc23)c1,5.0,<rdkit.Chem.rdchem.Mol object at 0x7f59a320e110>,28,3.497200000000001,6.5689898881160165,3.2750036184625952
CN1CCN(c2ccc(Nc3nc4ccc(-c5ccc(S(C)(=O)=O)cc5)cn4n3)cc2)CC1,5.53,<rdkit.Chem.rdchem.Mol object at 0x7f59a320fd80>,33,3.295200000000002,6.543927490198173,3.6907017720889534
CC(C)(C)OC(=O)N1CCC(c2ccc(Nc3nc4c(-c5cnn(-c6ccc(F)cc6)c5)cccn4n3)cc2)CC1,5.96,<rdkit.Chem.rdchem.Mol object at 0x7f59a2939230>,41,6.579200000000006,6.22058244949495,5.873074487509439
CCCCN(C)c1ncc(NS(=O)(=O)c2ccccc2C)cc1C(=O)O,4.91,<rdkit.Chem.rdchem.Mol object at 0x7f59a320d3f0>,26,3.125320000000001,6.22747400222193,3.0384421238001296
O=C(Nc1nc2cccc(-c3ccc(CN4CCCCC4)cc3)n2n1)C1CC1,5.19,<rdkit.Chem.rdchem.Mol object at 0x7f59a320e880>,28,3.7307000000000032,6.5689898881160165,3.2750036184625952
CN1CCN(c2nc3c(NCc4cccc([N+](=O)[O-])c4)cccn3n2)CC1,5.0,<rdkit.Chem.rdchem.Mol object at 0x7f59a320dc40>,27,2.0013999999999994,6.408927985286353,2.8777282111957425
NC(=O)c1cc(-c2ccc(F)c(Cl)c2)cc2c1[nH]c1cc(C(=O)N3CCOCC3)ccc12,6.05,<rdkit.Chem.rdchem.Mol object at 0x7f59a293a030>,32,4.351900000000003,6.8094821850126515,3.756925722699175
NC(=O)c1cc(-c2ccc(Cl)c(Cl)c2)cc2c3c([nH]c12)CCC(C(=O)N1CCOCC1)C3,7.07,<rdkit.Chem.rdchem.Mol object at 0x7f59a2947140>,32,4.204300000000004,6.8094821850126515,3.756925722699175
O=C(CCCCCCC(=O)N1CC=CCOCc2cccc(c2)-c2ccnc(n2)Nc2cccc(c2)C1)NO,6.17,<rdkit.Chem.rdchem.Mol object at 0x7f59a293af10>,39,5.148200000000004,6.562848132670848,4.635426014385055
CCNC(=O)c1cnc(N)c2cc(-c3ccc(N4CCOCC4)cc3)sc12,7.32,<rdkit.Chem.rdchem.Mol object at 0x7f59a294bd10>,27,3.131800000000002,6.408927985286353,2.8777282111957425
COc1ccccc1CNc1cccn2nc(Nc3cccc(N4CCN(C)CC4)c3)nc12,7.34,<rdkit.Chem.rdchem.Mol object at 0x7f59a294c6d0>,33,3.8454000000000015,6.543927490198173,3.6907017720889534
CN(c1[nH]cnc2nccc1-2)C1CCC(CS(=O)(=O)N2CCC(NC(=O)C(F)(F)F)C2)CC1,7.21,<rdkit.Chem.rdchem.Mol object at 0x7f59a29498c0>,33,1.9871,6.543927490198173,3.6907017720889534
Fc1cccc(Cl)c1-c1nc2c3ccccc3c3ccccc3c2[nH]1,6.05,<rdkit.Chem.rdchem.Mol object at 0x7f59a2939ee0>,25,6.328800000000003,6.490664711370073,3.3097471871375217
CN(c1[nH]cnc2nccc1-2)C1CCC(CS(=O)(=O)N2CCC(COCC3CC3)CC2)CC1,7.22,<rdkit.Chem.rdchem.Mol object at 0x7f59a2949e00>,33,3.3729000000000013,6.543927490198173,3.6907017720889534
CN(C)C1CCCN(c2ccc(C(F)(F)F)cc2NC(=O)c2cc(C#Cc3cnc(N)nc3)ccc2F)C1,6.26,<rdkit.Chem.rdchem.Mol object at 0x7f59a293c120>,38,4.399200000000002,6.802448270812896,4.282908193901362
[C-]#[N+]C1CCCCC1n1cc(C(N)=O)c(Nc2ccc(CC(=O)O)cc2)n1,6.96,<rdkit.Chem.rdchem.Mol object at 0x7f59a2944f20>,27,2.7556900000000004,6.408927985286353,2.8777282111957425
CN(c1ccnc2[nH]ccc12)C1CCCCC1,5.75,<rdkit.Chem.rdchem.Mol object at 0x7f59a31df8b0>,17,3.331800000000002,6.099447853535355,2.7105807064768555
COc1ccccc1-c1cccn2nc(Nc3ccc4c(c3)CCN(CC(=O)N(C)C)CC4)nc12,7.41,<rdkit.Chem.rdchem.Mol object at 0x7f59a294e260>,35,3.6373000000000015,6.565259498966696,3.7339714194295577
N#CC1CCC2(CC1n1cc(C(N)=O)c(Nc3ccccc3)n1)OCCO2,6.51,<rdkit.Chem.rdchem.Mol object at 0x7f59a293f060>,27,2.33348,6.408927985286353,2.8777282111957425
O=c1[nH]c2cnc3[nH]ccc3c2n1C1CCCCC1,7.37,<rdkit.Chem.rdchem.Mol object at 0x7f59a294d2a0>,19,2.711100000000001,6.167285566378067,1.3237209439227442
Cc1ccc(Cl)cc1-c1[nH]c(-c2ccnc(N)n2)cc1C(=O)Nc1ccccc1,6.61,<rdkit.Chem.rdchem.Mol object at 0x7f59a293fed0>,29,4.935020000000003,6.46675862735859,2.9800680599646205
CNc1nc2c(cc(C(=O)NC3CC3)n2CC(O)CO)c2c1ncn2C,6.24,<rdkit.Chem.rdchem.Mol object at 0x7f59a293bb50>,26,0.2100999999999996,6.22747400222193,3.0384421238001296
CN(c1[nH]cnc2nccc1-2)C1CCC(CS(=O)(=O)N2CCCC(CS(C)(=O)=O)C2)CC1,7.04,<rdkit.Chem.rdchem.Mol object at 0x7f59a29466c0>,32,1.9908999999999992,6.8094821850126515,3.756925722699175
O=c1[nH]c(CSc2nnc(NCC3CCCO3)s2)nc2sc(-c3ccccc3)cc12,5.05,<rdkit.Chem.rdchem.Mol object at 0x7f59a320e340>,30,4.386300000000003,6.714130239139373,3.2103147269049224
Cn1nc(C2CCCCC2)c2c3cc[nH]c3ncc21,7.3,<rdkit.Chem.rdchem.Mol object at 0x7f59a294b920>,19,3.497300000000002,6.167285566378067,1.3237209439227442
CC1CCN(C(=O)C(C)NC(=O)c2c[nH]c3ncc(C4CC4)nc23)C1,6.87,<rdkit.Chem.rdchem.Mol object at 0x7f59a2943990>,25,1.8219999999999992,6.490664711370073,3.3097471871375217
N#CC1CC(O)(C2CC2)CCC1n1cc(C(N)=O)c(Nc2ccc(Cl)cc2)n1,7.14,<rdkit.Chem.rdchem.Mol object at 0x7f59a29485f0>,28,3.3848800000000008,6.5689898881160165,3.2750036184625952
CC1(CO)CCCC1Nc1c(C(N)=O)cnn2cccc12,6.96,<rdkit.Chem.rdchem.Mol object at 0x7f59a29451c0>,21,1.3961999999999994,6.318370697965677,2.2557034740938287
N#CC1CC(N2CCC2)CCC1n1cc(C(N)=O)c(Nc2ccc(Cl)cc2)n1,6.96,<rdkit.Chem.rdchem.Mol object at 0x7f59a2945230>,28,3.318080000000001,6.5689898881160165,3.2750036184625952
NC(=O)c1cc(-c2ccnc(N)n2)[nH]c1-c1cc(Cl)ccc1C(F)(F)F,7.28,<rdkit.Chem.rdchem.Mol object at 0x7f59a294b0d0>,26,3.492000000000001,6.22747400222193,3.0384421238001296
COC(=O)C1CCC(n2cc(C(N)=O)c(Nc3ccc(F)cc3)n2)C(C#N)C1,7.0,<rdkit.Chem.rdchem.Mol object at 0x7f59a2945a10>,28,2.5186800000000007,6.5689898881160165,3.2750036184625952
CS(=O)(=O)c1ccc(OCC(F)F)c(-c2cccn3nc(Nc4ccc5c(c4)CCNCC5)nc23)c1,6.22,<rdkit.Chem.rdchem.Mol object at 0x7f59a293b680>,36,3.8755000000000015,6.5167904144568585,4.096294022711462
COC(=O)Cc1ccc(OC)c(-c2c[nH]c3ncnc(-c4ccccc4)c23)c1,7.03,<rdkit.Chem.rdchem.Mol object at 0x7f59a2946340>,28,4.016000000000003,6.5689898881160165,3.2750036184625952
CN(c1[nH]cnc2nccc1-2)C1CC(CS(=O)(=O)c2cc(C#N)ccn2)C1,6.25,<rdkit.Chem.rdchem.Mol object at 0x7f59a293bd80>,27,1.8648800000000003,6.408927985286353,2.8777282111957425
CC1CCCN(c2[nH]cnc3ncc(-c4cccc(C#N)c4)c2-3)C1,6.24,<rdkit.Chem.rdchem.Mol object at 0x7f59a293bbc0>,24,3.6844800000000015,6.520992776771977,2.6392043100488034
COc1ccc(Nc2nc3c(N4CCN(C)CC4)cccn3n2)cc1,6.36,<rdkit.Chem.rdchem.Mol object at 0x7f59a293d2a0>,25,2.2333,6.490664711370073,3.3097471871375217
COC1CCN(c2nccc(Nc3cc4c(ccn4C4CCCC4)cn3)n2)CC1,6.65,<rdkit.Chem.rdchem.Mol object at 0x7f59a29406d0>,29,4.300200000000003,6.46675862735859,2.9800680599646205
c1cc(-c2ccncc2)c2nc(Nc3ccc(OCCN4CCCC4)cc3)nn2c1,5.52,<rdkit.Chem.rdchem.Mol object at 0x7f59a320f920>,30,4.009500000000002,6.714130239139373,3.2103147269049224
N#CC1CC(C(=O)NCC(F)(F)F)CCC1n1cc(C(N)=O)c(Nc2ccc(Cl)cc2)n1,7.42,<rdkit.Chem.rdchem.Mol object at 0x7f59a294e7a0>,32,3.5384800000000016,6.8094821850126515,3.756925722699175
CN1CCN(c2cc(C(N)=O)c3nc4cc(C(=O)N5CCOCC5)ccc4c-3[nH]2)CC1,6.66,<rdkit.Chem.rdchem.Mol object at 0x7f59a29409e0>,31,0.990800000000001,6.718195414101341,3.1332065946810648
CN(c1[nH]cnc2nccc1-2)C1CC(CS(=O)(=O)CCC2CC2)C1,6.37,<rdkit.Chem.rdchem.Mol object at 0x7f59a293d380>,24,2.339200000000001,6.520992776771977,2.6392043100488034
CCC(C(C)C)n1cc(-c2ccn(C)n2)c2n[nH]c(N)c2c1=O,6.08,<rdkit.Chem.rdchem.Mol object at 0x7f59a293a340>,23,2.3144,6.409231753566496,2.313524372864757
Cc1cc(-c2cc(C(N)=O)c3[nH]c4cc(C5CCN(C(=O)OC(C)(C)C)CC5)ccc4c3c2)ccc1CN1CCOCC1,6.09,<rdkit.Chem.rdchem.Mol object at 0x7f59a293a570>,43,6.342120000000007,6.359186296758786,5.559682712155069
CN(c1[nH]cnc2nccc1-2)C1CCC(CS(=O)(=O)N2CCCC3(CNC(=O)C3)C2)CC1,7.2,<rdkit.Chem.rdchem.Mol object at 0x7f59a2949540>,32,1.8363999999999996,6.8094821850126515,3.756925722699175
CNc1nc(Nc2cnn(C(CC(N)=O)C3CCCCC3)c2)ncc1C(F)(F)F,7.01,<rdkit.Chem.rdchem.Mol object at 0x7f59a2945e00>,29,3.474000000000001,6.46675862735859,2.9800680599646205
CC(=O)Nc1cccc(-c2ccc(C(N)=O)c3[nH]c4cc(C(=O)N5CCN(C)CC5)ccc4c23)c1C,6.67,<rdkit.Chem.rdchem.Mol object at 0x7f59a2940d60>,36,3.7414200000000015,6.5167904144568585,4.096294022711462
CN1CCN(c2cccc(Nc3nc4c(OCc5cccc(Cl)c5)cccn4n3)c2)CC1,7.0,<rdkit.Chem.rdchem.Mol object at 0x7f59a2945af0>,32,4.457100000000003,6.8094821850126515,3.756925722699175
O=c1[nH]c2cnc(-n3cnc4ccc(Cl)cc43)nc2n1C1CCOCC1,6.41,<rdkit.Chem.rdchem.Mol object at 0x7f59a293d9a0>,26,2.4634,6.22747400222193,3.0384421238001296
CC1(C)CCC(C#N)C(n2cc(C(N)=O)c(Nc3ccccc3)n2)C1,6.75,<rdkit.Chem.rdchem.Mol object at 0x7f59a2941b60>,25,3.616580000000001,6.490664711370073,3.3097471871375217
CC(C)Oc1ccccc1-c1cccn2nc(Nc3ccc4c(c3)CCNCC4)nc12,7.25,<rdkit.Chem.rdchem.Mol object at 0x7f59a294a810>,31,4.615300000000003,6.718195414101341,3.1332065946810648
Cc1cccn2nc(Nc3ccc(S(C)(=O)=O)cc3)nc12,5.58,<rdkit.Chem.rdchem.Mol object at 0x7f59a31def80>,21,2.18482,6.318370697965677,2.2557034740938287
Cc1cc(Nc2nc3cccc(-c4cccc(S(C)(=O)=O)c4)n3n2)ccn1,6.35,<rdkit.Chem.rdchem.Mol object at 0x7f59a293d000>,27,3.2468200000000014,6.408927985286353,2.8777282111957425
CC1(C)CCN1C1CCC(n2cc(C(N)=O)c(Nc3ccc(C(F)(F)F)cc3)n2)C(C#N)C1,6.37,<rdkit.Chem.rdchem.Mol object at 0x7f59a293d460>,33,4.462080000000003,6.543927490198173,3.6907017720889534
CCN(C(=O)c1cc2c3c(ncn3C)c(NC)nc2n1CC(O)CO)C(C)C,7.37,<rdkit.Chem.rdchem.Mol object at 0x7f59a294d310>,28,1.1884,6.5689898881160165,3.2750036184625952
N#CC1CC(O)CCC1n1cc(C(N)=O)c(Nc2ccc(OC(F)F)cc2)n1,7.12,<rdkit.Chem.rdchem.Mol object at 0x7f59a2947d80>,28,2.5526800000000005,6.5689898881160165,3.2750036184625952
COC1CCN(S(=O)(=O)CC2CCC(N(C)c3[nH]cnc4nccc3-4)CC2)C1,7.38,<rdkit.Chem.rdchem.Mol object at 0x7f59a294d5b0>,28,1.955,6.5689898881160165,3.2750036184625952
[C-]#[N+]C1CC(O)(C2CC2)CCC1n1cc(C(N)=O)c(Nc2ccc(Cl)c(F)c2)n1,7.23,<rdkit.Chem.rdchem.Mol object at 0x7f59a294a110>,29,3.6720900000000007,6.46675862735859,2.9800680599646205
CS(=O)(=O)c1ccc(-c2cccn3nc(Nc4ccc(OS(=O)(=O)C(F)(F)C(F)(F)C(F)(F)C(F)(F)F)cc4)nc23)cc1,6.97,<rdkit.Chem.rdchem.Mol object at 0x7f59a29454d0>,43,5.677700000000003,6.359186296758786,5.559682712155069
CC(C)Oc1ccc(C(F)(F)F)cc1-c1cccn2nc(Nc3ccc4c(c3)CCN(CC(=O)N(C)C)CC4)nc12,5.92,<rdkit.Chem.rdchem.Mol object at 0x7f59a2938b30>,41,5.434700000000006,6.22058244949495,5.873074487509439
c1ccc(Nc2nc3ccccn3n2)cc1,5.96,<rdkit.Chem.rdchem.Mol object at 0x7f59a2939150>,16,2.4729,5.960847853535363,1.894700706476856
Clc1cnc2nc1NCCc1cccc(c1)OCc1cccc(c1)N2,6.48,<rdkit.Chem.rdchem.Mol object at 0x7f59a293e730>,25,4.420600000000002,6.490664711370073,3.3097471871375217
CCOC(=O)c1c[nH]c2ncnc(-c3cccc(NC(=O)C=Cc4nccs4)c3)c12,6.3,<rdkit.Chem.rdchem.Mol object at 0x7f59a293c5f0>,30,3.910000000000002,6.714130239139373,3.2103147269049224
Nc1ncnc2c1c(-c1cccc(O)c1)cn2C1CC(CN2CCC2)C1,5.96,<rdkit.Chem.rdchem.Mol object at 0x7f59a2938f20>,26,3.0429000000000013,6.22747400222193,3.0384421238001296
N#CC1CC(N2CC3(CCC3)C2)CCC1n1cc(C(N)=O)c(Nc2ccnc(F)c2)n1,6.91,<rdkit.Chem.rdchem.Mol object at 0x7f59a2944200>,31,2.97898,6.718195414101341,3.1332065946810648
Cc1nc2cnc3[nH]ccc3c2n1C1CCCCC1,5.22,<rdkit.Chem.rdchem.Mol object at 0x7f59a320eb20>,19,3.7262200000000014,6.167285566378067,1.3237209439227442
